Date,Serial,note,PH2.0,PH2.1A,PH2.1B,PH2.1C
14/10/2016, 00230027 3435510B 38393730,BETA,,,1,
14/10/2016, 0027003C 34355108 38393730,BETA,,,1,
14/10/2016, 002B0026 3435510A 38393730,BETA,,,1,
14/10/2016, 00360027 3435510B 38393730,BETA,,,1,
14/10/2016, 00390026 3435510A 38393730,BETA,,,1,
14/10/2016, 003E0026 3435510B 38393730,BETA,,,1,
14/10/2016, 003E003D 34355108 38393730,BETA,,,1,
14/10/2016, 00400046 3435510B 38393730,BETA,,,1,
14/10/2016, 00430026 3435510B 38393730,BETA,,,1,
14/10/2016, 004F0026 3435510B 38393730,BETA,,,1,
17/10/2016, 001B0033 3435510E 38393730,BETA,,,1,
17/10/2016, 001C002F 3435510E 38393730,BETA,,,1,
17/10/2016, 001C0035 34355111 38393730,BETA,,,1,
17/10/2016, 001D0033 34355111 38393730,BETA,,,1,
17/10/2016, 001E002B 34355111 38393730,BETA,,,1,
17/10/2016, 0020002C 34355111 38393730,BETA,,,1,
17/10/2016, 0021002C 34355111 38393730,BETA,,,1,
17/10/2016, 00210035 34355111 38393730,BETA,,,1,
17/10/2016, 0022003D 3435510F 38393730,BETA,,,1,
17/10/2016, 0023003A 3435510C 38393730,BETA,,,1,
17/10/2016, 0023003B 34355108 38393730,BETA,,,1,
17/10/2016, 00240026 3435510A 38393730,BETA,,,1,
17/10/2016, 00240038 34355107 38393730,BETA,,,1,
17/10/2016, 0024003C 34355108 38393730,BETA,,,1,
17/10/2016, 0024003F 34355111 38393730,BETA,,,1,
17/10/2016, 0024003F 34355112 38393730,BETA,,,1,
17/10/2016, 00250026 3435510A 38393730,BETA,,,1,
17/10/2016, 00250035 3435510A 38393730,BETA,,,1,
17/10/2016, 00250036 34355107 38393730,BETA,,,1,
17/10/2016, 00260033 3435510B 38393730,BETA,,,1,
17/10/2016, 0026003C 3435510C 38393730,BETA,,,1,
17/10/2016, 0027002C 34355111 38393730,BETA,,,1,
17/10/2016, 00270036 34355107 38393730,BETA,,,1,
17/10/2016, 00270040 3435510B 38393730,BETA,,,1,
17/10/2016, 0028001C 3435510A 38393730,BETA,,,1,
17/10/2016, 0028001F 34355107 38393730,BETA,,,1,
17/10/2016, 0028003C 34355108 38393730,BETA,,,1,
17/10/2016, 00280040 3435510B 38393730,BETA,,,1,
17/10/2016, 0029001C 3435510A 38393730,BETA,,,1,
17/10/2016, 00290027 3435510B 38393730,BETA,,,1,
17/10/2016, 00290027 3435510F 38393730,BETA,,,1,
17/10/2016, 0029002C 34355111 38393730,BETA,,,1,
17/10/2016, 00290039 34355111 38393730,BETA,,,1,
17/10/2016, 002A0027 34355111 38393730,BETA,,,1,
17/10/2016, 002A002C 34355111 38393730,BETA,,,1,
17/10/2016, 002B0032 34355109 38393730,BETA,,,1,
17/10/2016, 002B0036 34355107 38393730,BETA,,,1,
17/10/2016, 002C001B 3435510A 38393730,BETA,,,1,
17/10/2016, 002C0022 34355111 38393730,BETA,,,1,
17/10/2016, 002C0023 34355111 38393730,BETA,,,1,
17/10/2016, 002C0033 34355111 38393730,BETA,,,1,
17/10/2016, 002D001A 3435510A 38393730,BETA,,,1,
17/10/2016, 002D0027 3435510C 38393730,BETA,,,1,
17/10/2016, 002D002B 3435510E 38393730,BETA,,,1,
17/10/2016, 002D003B 34355111 38393730,BETA,,,1,
17/10/2016, 002D003D 34355111 38393730,BETA,,,1,
17/10/2016, 002E0038 34355107 38393730,BETA,,,1,
17/10/2016, 002E003E 34355107 38393730,BETA,,,1,
17/10/2016, 002E0040 3435510B 38393730,BETA,,,1,
17/10/2016, 002F001B 3435510A 38393730,BETA,,,1,
17/10/2016, 002F0026 34355112 38393730,BETA,,,1,
17/10/2016, 002F0038 34355107 38393730,BETA,,,1,
17/10/2016, 002F0040 3435510B 38393730,BETA,,,1,
17/10/2016, 00300019 3435510A 38393730,BETA,,,1,
17/10/2016, 0030001F 3435510E 38393730,BETA,,,1,
17/10/2016, 00300033 34355111 38393730,BETA,,,1,
17/10/2016, 00300034 34355111 38393730,BETA,,,1,
17/10/2016, 00300038 34355107 38393730,BETA,,,1,
17/10/2016, 00310032 34355109 38393730,BETA,,,1,
17/10/2016, 00310038 34355107 38393730,BETA,,,1,
17/10/2016, 0032001B 3435510A 38393730,BETA,,,1,
17/10/2016, 00320023 3435510F 38393730,BETA,,,1,
17/10/2016, 0032002C 34355111 38393730,BETA,,,1,
17/10/2016, 0032002E 3435510E 38393730,BETA,,,1,
17/10/2016, 00330047 3435510B 38393730,BETA,,,1,
17/10/2016, 0034003E 34355107 38393730,BETA,,,1,
17/10/2016, 00340040 3435510B 38393730,BETA,,,1,
17/10/2016, 00350026 3435510A 38393730,BETA,,,1,
17/10/2016, 0035002C 34355111 38393730,BETA,,,1,
17/10/2016, 00350032 34355112 38393730,BETA,,,1,
17/10/2016, 00350039 34355111 38393730,BETA,,,1,
17/10/2016, 0035003D 34355108 38393730,BETA,,,1,
17/10/2016, 00350042 3435510E 38393730,BETA,,,1,
17/10/2016, 00360029 3435510A 38393730,BETA,,,1,
17/10/2016, 0036002D 34355112 38393730,BETA,,,1,
17/10/2016, 0036002F 34355112 38393730,BETA,,,1,
17/10/2016, 00370027 3435510B 38393730,BETA,,,1,
17/10/2016, 0037002F 34355112 38393730,BETA,,,1,
17/10/2016, 00370033 3435510B 38393730,BETA,,,1,
17/10/2016, 0038001C 3435510E 38393730,BETA,,,1,
17/10/2016, 0038003D 34355108 38393730,BETA,,,1,
17/10/2016, 00380046 3435510B 38393730,BETA,,,1,
17/10/2016, 00380047 3435510B 38393730,BETA,,,1,
17/10/2016, 0039003C 34355108 38393730,BETA,,,1,
17/10/2016, 0039003E 34355108 38393730,BETA,,,1,
17/10/2016, 00390046 3435510B 38393730,BETA,,,1,
17/10/2016, 00390047 3435510B 38393730,BETA,,,1,
17/10/2016, 003A002D 34355111 38393730,BETA,,,1,
17/10/2016, 003A0041 34355111 38393730,BETA,,,1,
17/10/2016, 003A0044 3435510C 38393730,BETA,,,1,
17/10/2016, 003C0026 3435510A 38393730,BETA,,,1,
17/10/2016, 003C0039 3435510E 38393730,BETA,,,1,
17/10/2016, 003C003E 34355108 38393730,BETA,,,1,
17/10/2016, 003C003F 3435510F 38393730,BETA,,,1,
17/10/2016, 003D001C 3435510F 38393730,BETA,,,1,
17/10/2016, 003D0033 3435510F 38393730,BETA,,,1,
17/10/2016, 003D0041 3435510E 38393730,BETA,,,1,
17/10/2016, 003E0039 3435510E 38393730,BETA,,,1,
17/10/2016, 003F001F 3435510E 38393730,BETA,,,1,
17/10/2016, 003F003C 3435510F 38393730,BETA,,,1,
17/10/2016, 003F003F 34355107 38393730,BETA,,,1,
17/10/2016, 00400027 3435510A 38393730,BETA,,,1,
17/10/2016, 00400037 34355107 38393730,BETA,,,1,
17/10/2016, 0041003A 3435510C 38393730,BETA,,,1,
17/10/2016, 00420031 3435510C 38393730,BETA,,,1,
17/10/2016, 00420039 34355107 38393730,BETA,,,1,
17/10/2016, 00430042 34355111 38393730,BETA,,,1,
17/10/2016, 00430045 34355112 38393730,BETA,,,1,
17/10/2016, 00440026 3435510B 38393730,BETA,,,1,
17/10/2016, 0045001E 3435510F 38393730,BETA,,,1,
17/10/2016, 0046003E 3435510B 38393730,BETA,,,1,
17/10/2016, 00470029 3435510A 38393730,BETA,,,1,
17/10/2016, 00480026 3435510B 38393730,BETA,,,1,
17/10/2016, 0049002C 3435510C 38393730,BETA,,,1,
17/10/2016, 0049003E 34355108 38393730,BETA,,,1,
17/10/2016, 0049003F 3435510B 38393730,BETA,,,1,
17/10/2016, 00490042 34355111 38393730,BETA,,,1,
17/10/2016, 004A0022 3435510E 38393730,BETA,,,1,
17/10/2016, 004A0039 34355107 38393730,BETA,,,1,
17/10/2016, 004B0022 34355111 38393730,BETA,,,1,
17/10/2016, 004C003E 34355108 38393730,BETA,,,1,
17/10/2016, 004C003F 3435510B 38393730,BETA,,,1,
17/10/2016, 004D0020 34355107 38393730,BETA,,,1,
17/10/2016, 004D002E 3435510C 38393730,BETA,,,1,
17/10/2016, 004D0037 34355107 38393730,BETA,,,1,
17/10/2016, 004E0029 3435510A 38393730,BETA,,,1,
17/10/2016, 004E002B 34355111 38393730,BETA,,,1,
17/10/2016, 004E003D 3435510F 38393730,BETA,,,1,
17/10/2016, 004F002B 34355111 38393730,BETA,,,1,
17/10/2016, 004F0037 34355107 38393730,BETA,,,1,
17/10/2016, 004F0039 34355107 38393730,BETA,,,1,
17/10/2016, 0050002F 3435510C 38393730,BETA,,,1,
17/10/2016, 00500039 34355107 38393730,BETA,,,1,
17/10/2016, 00510033 34355112 38393730,BETA,,,1,
17/10/2016, 00510038 34355107 38393730,BETA,,,1,
17/10/2016, 00530030 3435510C 38393730,BETA,,,1,
17/10/2016, 00540033 34355111 38393730,BETA,,,1,
17/10/2016, 0055002C 34355111 38393730,BETA,,,1,
18/10/2016, 001C0036 34355107 38393730,BETA,,,1,
18/10/2016, 001F0026 34355111 38393730,BETA,,,1,
18/10/2016, 001F0036 3435510A 38393730,BETA,,,1,
18/10/2016, 001F0038 34355107 38393730,BETA,,,1,
18/10/2016, 00200036 34355107 38393730,BETA,,,1,
18/10/2016, 00210036 34355107 38393730,BETA,,,1,
18/10/2016, 00210039 3435510F 38393730,BETA,,,1,
18/10/2016, 00220036 34355107 38393730,BETA,,,1,
18/10/2016, 00220038 34355107 38393730,BETA,,,1,
18/10/2016, 00230025 34355111 38393730,BETA,,,1,
18/10/2016, 0023003A 34355108 38393730,BETA,,,1,
18/10/2016, 00240029 34355112 38393730,BETA,,,1,
18/10/2016, 00240036 34355107 38393730,BETA,,,1,
18/10/2016, 0024003B 34355108 38393730,BETA,,,1,
18/10/2016, 0024003E 3435510C 38393730,BETA,,,1,
18/10/2016, 0024003F 3435510B 38393730,BETA,,,1,
18/10/2016, 00250038 34355107 38393730,BETA,,,1,
18/10/2016, 00260020 34355112 38393730,BETA,,,1,
18/10/2016, 00260040 3435510B 38393730,BETA,,,1,
18/10/2016, 00270024 34355112 38393730,BETA,,,1,
18/10/2016, 00270038 34355107 38393730,BETA,,,1,
18/10/2016, 00270039 3435510F 38393730,BETA,,,1,
18/10/2016, 0028003D 3435510C 38393730,BETA,,,1,
18/10/2016, 002A0040 3435510B 38393730,BETA,,,1,
18/10/2016, 002B001D 34355112 38393730,BETA,,,1,
18/10/2016, 002B0038 34355107 38393730,BETA,,,1,
18/10/2016, 002C0027 3435510B 38393730,BETA,,,1,
18/10/2016, 002C0038 34355107 38393730,BETA,,,1,
18/10/2016, 002D002C 34355111 38393730,BETA,,,1,
18/10/2016, 002E0032 34355109 38393730,BETA,,,1,
18/10/2016, 002E0033 34355111 38393730,BETA,,,1,
18/10/2016, 002E0035 3435510A 38393730,BETA,,,1,
18/10/2016, 002E0038 3435510A 38393730,BETA,,,1,
18/10/2016, 002F0027 3435510B 38393730,BETA,,,1,
18/10/2016, 002F002C 34355111 38393730,BETA,,,1,
18/10/2016, 0030002C 34355111 38393730,BETA,,,1,
18/10/2016, 00300033 3435510B 38393730,BETA,,,1,
18/10/2016, 0030003F 34355112 38393730,BETA,,,1,
18/10/2016, 0031001B 3435510E 38393730,BETA,,,1,
18/10/2016, 00310024 34355111 38393730,BETA,,,1,
18/10/2016, 0031002C 34355111 38393730,BETA,,,1,
18/10/2016, 00320026 3435510A 38393730,BETA,,,1,
18/10/2016, 00320036 34355107 38393730,BETA,,,1,
18/10/2016, 00330027 3435510C 38393730,BETA,,,1,
18/10/2016, 00330032 34355109 38393730,BETA,,,1,
18/10/2016, 00330038 34355107 38393730,BETA,,,1,
18/10/2016, 0033003F 34355108 38393730,BETA,,,1,
18/10/2016, 00330040 34355111 38393730,BETA,,,1,
18/10/2016, 00340027 3435510C 38393730,BETA,,,1,
18/10/2016, 00350034 3435510C 38393730,BETA,,,1,
18/10/2016, 00360034 3435510F 38393730,BETA,,,1,
18/10/2016, 00360047 3435510B 38393730,BETA,,,1,
18/10/2016, 00360047 3435510F 38393730,BETA,,,1,
18/10/2016, 0037001B 3435510A 38393730,BETA,,,1,
18/10/2016, 00370026 3435510B 38393730,BETA,,,1,
18/10/2016, 00370028 3435510E 38393730,BETA,,,1,
18/10/2016, 00370032 34355109 38393730,BETA,,,1,
18/10/2016, 00370038 3435510A 38393730,BETA,,,1,
18/10/2016, 00380027 3435510A 38393730,BETA,,,1,
18/10/2016, 0038003E 34355107 38393730,BETA,,,1,
18/10/2016, 00390019 3435510A 38393730,BETA,,,1,
18/10/2016, 0039003C 3435510C 38393730,BETA,,,1,
18/10/2016, 003A0018 3435510A 38393730,BETA,,,1,
18/10/2016, 003A0047 3435510B 38393730,BETA,,,1,
18/10/2016, 003B0019 3435510A 38393730,BETA,,,1,
18/10/2016, 003B0031 3435510A 38393730,BETA,,,1,
18/10/2016, 003B003E 34355108 38393730,BETA,,,1,
18/10/2016, 003B0046 3435510B 38393730,BETA,,,1,
18/10/2016, 003B0047 3435510B 38393730,BETA,,,1,
18/10/2016, 003C001E 34355112 38393730,BETA,,,1,
18/10/2016, 003D0023 34355112 38393730,BETA,,,1,
18/10/2016, 003D0032 34355111 38393730,BETA,,,1,
18/10/2016, 003D0037 34355107 38393730,BETA,,,1,
18/10/2016, 003D003E 34355108 38393730,BETA,,,1,
18/10/2016, 003E0019 3435510A 38393730,BETA,,,1,
18/10/2016, 003E0038 3435510A 38393730,BETA,,,1,
18/10/2016, 003E0046 3435510B 38393730,BETA,,,1,
18/10/2016, 003E0047 3435510B 38393730,BETA,,,1,
18/10/2016, 003F0037 34355107 38393730,BETA,,,1,
18/10/2016, 003F0038 3435510A 38393730,BETA,,,1,
18/10/2016, 003F003E 34355108 38393730,BETA,,,1,
18/10/2016, 00400034 3435510E 38393730,BETA,,,1,
18/10/2016, 00420025 3435510C 38393730,BETA,,,1,
18/10/2016, 00420026 3435510B 38393730,BETA,,,1,
18/10/2016, 00430022 3435510F 38393730,BETA,,,1,
18/10/2016, 0044001D 3435510E 38393730,BETA,,,1,
18/10/2016, 00450029 3435510A 38393730,BETA,,,1,
18/10/2016, 00450035 3435510C 38393730,BETA,,,1,
18/10/2016, 00460031 34355112 38393730,BETA,,,1,
18/10/2016, 00460037 34355107 38393730,BETA,,,1,
18/10/2016, 0046003D 34355108 38393730,BETA,,,1,
18/10/2016, 00460041 3435510B 38393730,BETA,,,1,
18/10/2016, 0048003E 34355108 38393730,BETA,,,1,
18/10/2016, 00490036 3435510E 38393730,BETA,,,1,
18/10/2016, 00490037 34355107 38393730,BETA,,,1,
18/10/2016, 00490039 34355107 38393730,BETA,,,1,
18/10/2016, 004A0037 34355107 38393730,BETA,,,1,
18/10/2016, 004A003E 3435510B 38393730,BETA,,,1,
18/10/2016, 004B002B 34355111 38393730,BETA,,,1,
18/10/2016, 004B0040 3435510F 38393730,BETA,,,1,
18/10/2016, 004C003D 34355111 38393730,BETA,,,1,
18/10/2016, 004D003F 3435510B 38393730,BETA,,,1,
18/10/2016, 004F0038 34355107 38393730,BETA,,,1,
18/10/2016, 00510024 3435510C 38393730,BETA,,,1,
18/10/2016, 00510024 3435510F 38393730,BETA,,,1,
18/10/2016, 00510028 34355112 38393730,BETA,,,1,
18/10/2016, 00510034 3435510F 38393730,BETA,,,1,
18/10/2016, 0051003B 34355112 38393730,BETA,,,1,
18/10/2016, 00520039 34355107 38393730,BETA,,,1,
18/10/2016, 00530036 34355107 38393730,BETA,,,1,
18/10/2016, 00530037 34355107 38393730,BETA,,,1,
19/10/2016, 001C0034 34355111 38393730,BETA,,,1,
19/10/2016, 001D002A 34355112 38393730,BETA,,,1,
19/10/2016, 001E0028 3435510C 38393730,BETA,,,1,
19/10/2016, 001E0036 3435510A 38393730,BETA,,,1,
19/10/2016, 001F0032 34355111 38393730,BETA,,,1,
19/10/2016, 00200036 3435510A 38393730,BETA,,,1,
19/10/2016, 00210027 3435510C 38393730,BETA,,,1,
19/10/2016, 0021002E 3435510A 38393730,BETA,,,1,
19/10/2016, 00210034 3435510A 38393730,BETA,,,1,
19/10/2016, 00210035 3435510F 38393730,BETA,,,1,
19/10/2016, 00210036 3435510A 38393730,BETA,,,1,
19/10/2016, 00220028 3435510C 38393730,BETA,,,1,
19/10/2016, 0022002B 3435510F 38393730,BETA,,,1,
19/10/2016, 00220034 34355111 38393730,BETA,,,1,
19/10/2016, 0022003F 34355108 38393730,BETA,,,1,
19/10/2016, 00230036 3435510A 38393730,BETA,,,1,
19/10/2016, 00230039 3435510F 38393730,BETA,,,1,
19/10/2016, 00240025 34355111 38393730,BETA,,,1,
19/10/2016, 00240026 3435510F 38393730,BETA,,,1,
19/10/2016, 00240039 3435510F 38393730,BETA,,,1,
19/10/2016, 0025001E 34355112 38393730,BETA,,,1,
19/10/2016, 00250027 3435510B 38393730,BETA,,,1,
19/10/2016, 00250027 3435510C 38393730,BETA,,,1,
19/10/2016, 0025003B 3435510B 38393730,BETA,,,1,
19/10/2016, 0025003C 34355108 38393730,BETA,,,1,
19/10/2016, 0025003F 34355108 38393730,BETA,,,1,
19/10/2016, 00250040 34355108 38393730,BETA,,,1,
19/10/2016, 00260025 34355111 38393730,BETA,,,1,
19/10/2016, 00260026 34355111 38393730,BETA,,,1,
19/10/2016, 00260027 3435510B 38393730,BETA,,,1,
19/10/2016, 00260039 3435510F 38393730,BETA,,,1,
19/10/2016, 0026003F 34355108 38393730,BETA,,,1,
19/10/2016, 00270028 3435510C 38393730,BETA,,,1,
19/10/2016, 0027002C 34355109 38393730,BETA,,,1,
19/10/2016, 00270033 3435510A 38393730,BETA,,,1,
19/10/2016, 00270034 3435510A 38393730,BETA,,,1,
19/10/2016, 00270035 3435510A 38393730,BETA,,,1,
19/10/2016, 0027003F 34355108 38393730,BETA,,,1,
19/10/2016, 00280026 3435510A 38393730,BETA,,,1,
19/10/2016, 00280033 34355111 38393730,BETA,,,1,
19/10/2016, 00280034 3435510A 38393730,BETA,,,1,
19/10/2016, 00280036 3435510A 38393730,BETA,,,1,
19/10/2016, 00280040 34355108 38393730,BETA,,,1,
19/10/2016, 0029002E 3435510A 38393730,BETA,,,1,
19/10/2016, 00290033 34355111 38393730,BETA,,,1,
19/10/2016, 00290040 34355108 38393730,BETA,,,1,
19/10/2016, 002A001C 3435510A 38393730,BETA,,,1,
19/10/2016, 002A001C 3435510E 38393730,BETA,,,1,
19/10/2016, 002A0027 3435510B 38393730,BETA,,,1,
19/10/2016, 002A0028 3435510C 38393730,BETA,,,1,
19/10/2016, 002B001C 3435510A 38393730,BETA,,,1,
19/10/2016, 002B0033 34355111 38393730,BETA,,,1,
19/10/2016, 002B0036 3435510A 38393730,BETA,,,1,
19/10/2016, 002B0039 3435510F 38393730,BETA,,,1,
19/10/2016, 002B003A 34355108 38393730,BETA,,,1,
19/10/2016, 002B003C 34355108 38393730,BETA,,,1,
19/10/2016, 002C001B 34355112 38393730,BETA,,,1,
19/10/2016, 002C001C 34355107 38393730,BETA,,,1,
19/10/2016, 002C001C 3435510A 38393730,BETA,,,1,
19/10/2016, 002C0026 3435510A 38393730,BETA,,,1,
19/10/2016, 002C0026 34355111 38393730,BETA,,,1,
19/10/2016, 002C0036 3435510A 38393730,BETA,,,1,
19/10/2016, 002C003C 34355108 38393730,BETA,,,1,
19/10/2016, 002C003F 34355108 38393730,BETA,,,1,
19/10/2016, 002D001B 34355107 38393730,BETA,,,1,
19/10/2016, 002D001C 34355112 38393730,BETA,,,1,
19/10/2016, 002D0025 34355111 38393730,BETA,,,1,
19/10/2016, 002D0026 3435510A 38393730,BETA,,,1,
19/10/2016, 002D0034 3435510A 38393730,BETA,,,1,
19/10/2016, 002D003F 34355111 38393730,BETA,,,1,
19/10/2016, 002E001C 3435510A 38393730,BETA,,,1,
19/10/2016, 002E0025 3435510C 38393730,BETA,,,1,
19/10/2016, 002E0034 34355111 38393730,BETA,,,1,
19/10/2016, 002E003C 34355108 38393730,BETA,,,1,
19/10/2016, 002F0038 3435510A 38393730,BETA,,,1,
19/10/2016, 002F003C 34355108 38393730,BETA,,,1,
19/10/2016, 0030001C 3435510E 38393730,BETA,,,1,
19/10/2016, 00300034 3435510A 38393730,BETA,,,1,
19/10/2016, 00300038 3435510A 38393730,BETA,,,1,
19/10/2016, 0031001C 3435510A 38393730,BETA,,,1,
19/10/2016, 0031002E 3435510A 38393730,BETA,,,1,
19/10/2016, 0031002E 3435510E 38393730,BETA,,,1,
19/10/2016, 00310034 3435510A 38393730,BETA,,,1,
19/10/2016, 0031003E 34355108 38393730,BETA,,,1,
19/10/2016, 0031003F 34355108 38393730,BETA,,,1,
19/10/2016, 00310043 3435510C 38393730,BETA,,,1,
19/10/2016, 00320027 3435510B 38393730,BETA,,,1,
19/10/2016, 0032002A 3435510F 38393730,BETA,,,1,
19/10/2016, 0032002E 3435510A 38393730,BETA,,,1,
19/10/2016, 00320034 3435510A 38393730,BETA,,,1,
19/10/2016, 00320039 3435510F 38393730,BETA,,,1,
19/10/2016, 0032003C 34355108 38393730,BETA,,,1,
19/10/2016, 00320042 3435510F 38393730,BETA,,,1,
19/10/2016, 00330026 3435510A 38393730,BETA,,,1,
19/10/2016, 00330027 3435510B 38393730,BETA,,,1,
19/10/2016, 00330034 3435510A 38393730,BETA,,,1,
19/10/2016, 00330038 3435510A 38393730,BETA,,,1,
19/10/2016, 00330039 3435510F 38393730,BETA,,,1,
19/10/2016, 0033003C 34355108 38393730,BETA,,,1,
19/10/2016, 00340031 34355111 38393730,BETA,,,1,
19/10/2016, 00340034 3435510A 38393730,BETA,,,1,
19/10/2016, 00340034 3435510F 38393730,BETA,,,1,
19/10/2016, 00340036 34355107 38393730,BETA,,,1,
19/10/2016, 00340042 34355112 38393730,BETA,,,1,
19/10/2016, 0035001C 3435510A 38393730,BETA,,,1,
19/10/2016, 00350026 3435510F 38393730,BETA,,,1,
19/10/2016, 00350034 3435510A 38393730,BETA,,,1,
19/10/2016, 00350034 3435510F 38393730,BETA,,,1,
19/10/2016, 00350035 3435510A 38393730,BETA,,,1,
19/10/2016, 00350038 3435510A 38393730,BETA,,,1,
19/10/2016, 0035003F 34355108 38393730,BETA,,,1,
19/10/2016, 00360025 3435510B 38393730,BETA,,,1,
19/10/2016, 00360026 3435510F 38393730,BETA,,,1,
19/10/2016, 00360034 3435510A 38393730,BETA,,,1,
19/10/2016, 00360036 34355107 38393730,BETA,,,1,
19/10/2016, 00360038 3435510A 38393730,BETA,,,1,
19/10/2016, 0036003C 34355108 38393730,BETA,,,1,
19/10/2016, 0036003D 34355108 38393730,BETA,,,1,
19/10/2016, 00370026 3435510F 38393730,BETA,,,1,
19/10/2016, 0037002C 34355111 38393730,BETA,,,1,
19/10/2016, 0037003C 34355108 38393730,BETA,,,1,
19/10/2016, 00370046 3435510B 38393730,BETA,,,1,
19/10/2016, 00380019 3435510A 38393730,BETA,,,1,
19/10/2016, 0038001A 3435510E 38393730,BETA,,,1,
19/10/2016, 0038001B 3435510A 38393730,BETA,,,1,
19/10/2016, 00380026 3435510B 38393730,BETA,,,1,
19/10/2016, 00380034 3435510A 38393730,BETA,,,1,
19/10/2016, 00380034 3435510F 38393730,BETA,,,1,
19/10/2016, 00380036 34355107 38393730,BETA,,,1,
19/10/2016, 00380038 3435510A 38393730,BETA,,,1,
19/10/2016, 0038003C 34355108 38393730,BETA,,,1,
19/10/2016, 00390039 3435510F 38393730,BETA,,,1,
19/10/2016, 0039003F 34355108 38393730,BETA,,,1,
19/10/2016, 003A001C 3435510A 38393730,BETA,,,1,
19/10/2016, 003A0026 3435510F 38393730,BETA,,,1,
19/10/2016, 003B001D 34355112 38393730,BETA,,,1,
19/10/2016, 003B002E 3435510A 38393730,BETA,,,1,
19/10/2016, 003B0041 3435510C 38393730,BETA,,,1,
19/10/2016, 003C001C 3435510A 38393730,BETA,,,1,
19/10/2016, 003C0035 3435510A 38393730,BETA,,,1,
19/10/2016, 003C003F 34355112 38393730,BETA,,,1,
19/10/2016, 003D001C 3435510A 38393730,BETA,,,1,
19/10/2016, 003D0026 3435510B 38393730,BETA,,,1,
19/10/2016, 003D0034 3435510F 38393730,BETA,,,1,
19/10/2016, 003D0035 3435510A 38393730,BETA,,,1,
19/10/2016, 003E0021 3435510E 38393730,BETA,,,1,
19/10/2016, 003E0035 3435510A 38393730,BETA,,,1,
19/10/2016, 003E0042 34355112 38393730,BETA,,,1,
19/10/2016, 003F001B 34355107 38393730,BETA,,,1,
19/10/2016, 003F001B 3435510E 38393730,BETA,,,1,
19/10/2016, 003F002E 3435510F 38393730,BETA,,,1,
19/10/2016, 003F003D 34355108 38393730,BETA,,,1,
19/10/2016, 0040001B 3435510A 38393730,BETA,,,1,
19/10/2016, 0040002B 3435510C 38393730,BETA,,,1,
19/10/2016, 00400034 3435510A 38393730,BETA,,,1,
19/10/2016, 00400039 34355107 38393730,BETA,,,1,
19/10/2016, 0040003B 3435510B 38393730,BETA,,,1,
19/10/2016, 00410025 34355111 38393730,BETA,,,1,
19/10/2016, 00410034 3435510A 38393730,BETA,,,1,
19/10/2016, 00410034 3435510F 38393730,BETA,,,1,
19/10/2016, 00410039 3435510F 38393730,BETA,,,1,
19/10/2016, 0041003D 34355108 38393730,BETA,,,1,
19/10/2016, 00420025 34355111 38393730,BETA,,,1,
19/10/2016, 00420034 3435510F 38393730,BETA,,,1,
19/10/2016, 00420035 3435510A 38393730,BETA,,,1,
19/10/2016, 0042003F 3435510C 38393730,BETA,,,1,
19/10/2016, 00420046 3435510B 38393730,BETA,,,1,
19/10/2016, 00430021 3435510E 38393730,BETA,,,1,
19/10/2016, 0043002A 3435510F 38393730,BETA,,,1,
19/10/2016, 0043002E 3435510F 38393730,BETA,,,1,
19/10/2016, 00430034 3435510A 38393730,BETA,,,1,
19/10/2016, 00430035 3435510A 38393730,BETA,,,1,
19/10/2016, 00440028 3435510C 38393730,BETA,,,1,
19/10/2016, 00440034 3435510A 38393730,BETA,,,1,
19/10/2016, 00440035 3435510A 38393730,BETA,,,1,
19/10/2016, 0044003A 34355112 38393730,BETA,,,1,
19/10/2016, 00450026 3435510B 38393730,BETA,,,1,
19/10/2016, 00450034 3435510A 38393730,BETA,,,1,
19/10/2016, 00450034 3435510F 38393730,BETA,,,1,
19/10/2016, 00450035 3435510A 38393730,BETA,,,1,
19/10/2016, 0045003D 3435510A 38393730,BETA,,,1,
19/10/2016, 00450040 3435510F 38393730,BETA,,,1,
19/10/2016, 00460026 3435510B 38393730,BETA,,,1,
19/10/2016, 00460035 3435510A 38393730,BETA,,,1,
19/10/2016, 00470026 3435510B 38393730,BETA,,,1,
19/10/2016, 00470034 3435510A 38393730,BETA,,,1,
19/10/2016, 00470034 3435510F 38393730,BETA,,,1,
19/10/2016, 0047003D 34355108 38393730,BETA,,,1,
19/10/2016, 00480034 3435510A 38393730,BETA,,,1,
19/10/2016, 00480035 3435510A 38393730,BETA,,,1,
19/10/2016, 00490022 3435510E 38393730,BETA,,,1,
19/10/2016, 00490025 3435510A 38393730,BETA,,,1,
19/10/2016, 00490026 3435510B 38393730,BETA,,,1,
19/10/2016, 00490027 3435510A 38393730,BETA,,,1,
19/10/2016, 00490031 3435510E 38393730,BETA,,,1,
19/10/2016, 00490034 3435510A 38393730,BETA,,,1,
19/10/2016, 00490034 3435510F 38393730,BETA,,,1,
19/10/2016, 00490035 3435510A 38393730,BETA,,,1,
19/10/2016, 0049003F 34355111 38393730,BETA,,,1,
19/10/2016, 00490041 3435510B 38393730,BETA,,,1,
19/10/2016, 004A0026 3435510B 38393730,BETA,,,1,
19/10/2016, 004A0034 3435510A 38393730,BETA,,,1,
19/10/2016, 004A0035 3435510A 38393730,BETA,,,1,
19/10/2016, 004B0034 3435510A 38393730,BETA,,,1,
19/10/2016, 004B0035 3435510A 38393730,BETA,,,1,
19/10/2016, 004B003D 34355108 38393730,BETA,,,1,
19/10/2016, 004C0034 3435510A 38393730,BETA,,,1,
19/10/2016, 004D0026 3435510B 38393730,BETA,,,1,
19/10/2016, 004E0034 3435510A 38393730,BETA,,,1,
19/10/2016, 004F0035 3435510A 38393730,BETA,,,1,
19/10/2016, 00500034 3435510A 38393730,BETA,,,1,
19/10/2016, 00500038 34355111 38393730,BETA,,,1,
19/10/2016, 00510034 3435510A 38393730,BETA,,,1,
19/10/2016, 00510039 34355107 38393730,BETA,,,1,
19/10/2016, 00520026 3435510F 38393730,BETA,,,1,
19/10/2016, 00530034 3435510A 38393730,BETA,,,1,
19/10/2016, 0054002B 34355112 38393730,BETA,,,1,
20/10/2016, 001B0033 34355111 38393730,BETA,,,1,
20/10/2016, 001C0033 3435510E 38393730,BETA,,,1,
20/10/2016, 001D0034 34355111 38393730,BETA,,,1,
20/10/2016, 001E0026 3435510F 38393730,BETA,,,1,
20/10/2016, 001E0037 3435510F 38393730,BETA,,,1,
20/10/2016, 00200024 34355111 38393730,BETA,,,1,
20/10/2016, 00200026 3435510F 38393730,BETA,,,1,
20/10/2016, 00200027 3435510C 38393730,BETA,,,1,
20/10/2016, 00200028 3435510C 38393730,BETA,,,1,
20/10/2016, 00200033 34355111 38393730,BETA,,,1,
20/10/2016, 00200034 34355111 38393730,BETA,,,1,
20/10/2016, 00210023 34355112 38393730,BETA,,,1,
20/10/2016, 00220025 34355111 38393730,BETA,,,1,
20/10/2016, 00220026 3435510F 38393730,BETA,,,1,
20/10/2016, 00220028 3435510E 38393730,BETA,,,1,
20/10/2016, 00230021 3435510E 38393730,BETA,,,1,
20/10/2016, 00230027 3435510C 38393730,BETA,,,1,
20/10/2016, 00230028 3435510C 38393730,BETA,,,1,
20/10/2016, 00230028 34355111 38393730,BETA,,,1,
20/10/2016, 00240026 34355111 38393730,BETA,,,1,
20/10/2016, 00240030 3435510E 38393730,BETA,,,1,
20/10/2016, 00240035 3435510A 38393730,BETA,,,1,
20/10/2016, 00240035 3435510F 38393730,BETA,,,1,
20/10/2016, 00240040 3435510B 38393730,BETA,,,1,
20/10/2016, 00250028 3435510C 38393730,BETA,,,1,
20/10/2016, 0025002F 3435510F 38393730,BETA,,,1,
20/10/2016, 0025002F 34355111 38393730,BETA,,,1,
20/10/2016, 00250031 3435510F 38393730,BETA,,,1,
20/10/2016, 00250033 34355111 38393730,BETA,,,1,
20/10/2016, 00260026 3435510F 38393730,BETA,,,1,
20/10/2016, 00260028 3435510C 38393730,BETA,,,1,
20/10/2016, 00260033 34355111 38393730,BETA,,,1,
20/10/2016, 00270022 3435510C 38393730,BETA,,,1,
20/10/2016, 00270025 34355111 38393730,BETA,,,1,
20/10/2016, 00270027 3435510B 38393730,BETA,,,1,
20/10/2016, 00270027 3435510C 38393730,BETA,,,1,
20/10/2016, 0027002B 34355111 38393730,BETA,,,1,
20/10/2016, 00270037 3435510F 38393730,BETA,,,1,
20/10/2016, 00270042 34355111 38393730,BETA,,,1,
20/10/2016, 0028001C 34355107 38393730,BETA,,,1,
20/10/2016, 0028001C 3435510E 38393730,BETA,,,1,
20/10/2016, 00280026 3435510F 38393730,BETA,,,1,
20/10/2016, 00280028 3435510C 38393730,BETA,,,1,
20/10/2016, 0029001C 34355107 38393730,BETA,,,1,
20/10/2016, 0029001C 3435510E 38393730,BETA,,,1,
20/10/2016, 00290021 3435510E 38393730,BETA,,,1,
20/10/2016, 00290026 3435510A 38393730,BETA,,,1,
20/10/2016, 002A0024 34355112 38393730,BETA,,,1,
20/10/2016, 002A0026 3435510F 38393730,BETA,,,1,
20/10/2016, 002A0033 34355111 38393730,BETA,,,1,
20/10/2016, 002A0036 3435510A 38393730,BETA,,,1,
20/10/2016, 002A0039 3435510F 38393730,BETA,,,1,
20/10/2016, 002A003E 34355107 38393730,BETA,,,1,
20/10/2016, 002B001B 34355107 38393730,BETA,,,1,
20/10/2016, 002B001B 3435510A 38393730,BETA,,,1,
20/10/2016, 002B001B 3435510E 38393730,BETA,,,1,
20/10/2016, 002B001C 34355107 38393730,BETA,,,1,
20/10/2016, 002B001C 3435510C 38393730,BETA,,,1,
20/10/2016, 002B0026 3435510F 38393730,BETA,,,1,
20/10/2016, 002B0027 3435510B 38393730,BETA,,,1,
20/10/2016, 002C001A 3435510A 38393730,BETA,,,1,
20/10/2016, 002C001C 3435510E 38393730,BETA,,,1,
20/10/2016, 002C0026 3435510F 38393730,BETA,,,1,
20/10/2016, 002C0027 3435510C 38393730,BETA,,,1,
20/10/2016, 002C0027 34355111 38393730,BETA,,,1,
20/10/2016, 002C002E 3435510A 38393730,BETA,,,1,
20/10/2016, 002C0036 3435510F 38393730,BETA,,,1,
20/10/2016, 002C0036 34355112 38393730,BETA,,,1,
20/10/2016, 002C003A 34355112 38393730,BETA,,,1,
20/10/2016, 002D001B 3435510E 38393730,BETA,,,1,
20/10/2016, 002D0026 3435510F 38393730,BETA,,,1,
20/10/2016, 002D0039 3435510E 38393730,BETA,,,1,
20/10/2016, 002E001B 34355107 38393730,BETA,,,1,
20/10/2016, 002E001B 3435510A 38393730,BETA,,,1,
20/10/2016, 002E001C 3435510E 38393730,BETA,,,1,
20/10/2016, 002E0026 3435510A 38393730,BETA,,,1,
20/10/2016, 002E002E 3435510A 38393730,BETA,,,1,
20/10/2016, 002F001B 34355107 38393730,BETA,,,1,
20/10/2016, 002F0026 3435510A 38393730,BETA,,,1,
20/10/2016, 002F002E 3435510A 38393730,BETA,,,1,
20/10/2016, 002F003E 34355107 38393730,BETA,,,1,
20/10/2016, 002F003F 34355108 38393730,BETA,,,1,
20/10/2016, 0030001B 34355107 38393730,BETA,,,1,
20/10/2016, 0030001B 3435510A 38393730,BETA,,,1,
20/10/2016, 00300026 3435510F 38393730,BETA,,,1,
20/10/2016, 00300038 34355111 38393730,BETA,,,1,
20/10/2016, 0030003F 34355108 38393730,BETA,,,1,
20/10/2016, 0031001A 34355107 38393730,BETA,,,1,
20/10/2016, 0031001B 3435510A 38393730,BETA,,,1,
20/10/2016, 0031001C 3435510E 38393730,BETA,,,1,
20/10/2016, 00310023 3435510E 38393730,BETA,,,1,
20/10/2016, 00310026 3435510F 38393730,BETA,,,1,
20/10/2016, 00310027 3435510B 38393730,BETA,,,1,
20/10/2016, 00310030 3435510E 38393730,BETA,,,1,
20/10/2016, 00310034 34355111 38393730,BETA,,,1,
20/10/2016, 00310036 3435510B 38393730,BETA,,,1,
20/10/2016, 0031003C 3435510F 38393730,BETA,,,1,
20/10/2016, 00320019 3435510A 38393730,BETA,,,1,
20/10/2016, 0032001A 34355107 38393730,BETA,,,1,
20/10/2016, 0032001C 3435510E 38393730,BETA,,,1,
20/10/2016, 0032002B 3435510F 38393730,BETA,,,1,
20/10/2016, 00320033 34355111 38393730,BETA,,,1,
20/10/2016, 00320040 3435510B 38393730,BETA,,,1,
20/10/2016, 00320047 3435510B 38393730,BETA,,,1,
20/10/2016, 0033001A 3435510A 38393730,BETA,,,1,
20/10/2016, 0033001B 34355107 38393730,BETA,,,1,
20/10/2016, 0033001C 3435510E 38393730,BETA,,,1,
20/10/2016, 00330026 3435510F 38393730,BETA,,,1,
20/10/2016, 0033003E 3435510E 38393730,BETA,,,1,
20/10/2016, 00330045 3435510E 38393730,BETA,,,1,
20/10/2016, 00340019 3435510A 38393730,BETA,,,1,
20/10/2016, 0034001B 34355107 38393730,BETA,,,1,
20/10/2016, 00340026 3435510F 38393730,BETA,,,1,
20/10/2016, 0034002C 34355111 38393730,BETA,,,1,
20/10/2016, 00340037 3435510E 38393730,BETA,,,1,
20/10/2016, 00340047 3435510B 38393730,BETA,,,1,
20/10/2016, 00350019 3435510A 38393730,BETA,,,1,
20/10/2016, 0035001A 34355107 38393730,BETA,,,1,
20/10/2016, 00350025 3435510E 38393730,BETA,,,1,
20/10/2016, 00350027 3435510B 38393730,BETA,,,1,
20/10/2016, 00350027 3435510C 38393730,BETA,,,1,
20/10/2016, 00350034 34355111 38393730,BETA,,,1,
20/10/2016, 00350047 3435510B 38393730,BETA,,,1,
20/10/2016, 00360019 3435510A 38393730,BETA,,,1,
20/10/2016, 0036001C 3435510E 38393730,BETA,,,1,
20/10/2016, 00360020 34355111 38393730,BETA,,,1,
20/10/2016, 0036002C 34355111 38393730,BETA,,,1,
20/10/2016, 00360032 34355109 38393730,BETA,,,1,
20/10/2016, 00360034 34355111 38393730,BETA,,,1,
20/10/2016, 00360046 3435510F 38393730,BETA,,,1,
20/10/2016, 0037001A 34355107 38393730,BETA,,,1,
20/10/2016, 0037001B 34355107 38393730,BETA,,,1,
20/10/2016, 00370027 3435510A 38393730,BETA,,,1,
20/10/2016, 0037002D 34355112 38393730,BETA,,,1,
20/10/2016, 0037002E 3435510A 38393730,BETA,,,1,
20/10/2016, 00370038 3435510B 38393730,BETA,,,1,
20/10/2016, 0037003F 34355108 38393730,BETA,,,1,
20/10/2016, 00380018 3435510A 38393730,BETA,,,1,
20/10/2016, 0038001A 3435510A 38393730,BETA,,,1,
20/10/2016, 0038001B 34355107 38393730,BETA,,,1,
20/10/2016, 0038002E 3435510A 38393730,BETA,,,1,
20/10/2016, 00380033 3435510B 38393730,BETA,,,1,
20/10/2016, 00380041 3435510C 38393730,BETA,,,1,
20/10/2016, 0039001A 34355107 38393730,BETA,,,1,
20/10/2016, 0039001A 3435510A 38393730,BETA,,,1,
20/10/2016, 0039001B 34355107 38393730,BETA,,,1,
20/10/2016, 0039001B 3435510A 38393730,BETA,,,1,
20/10/2016, 00390024 34355112 38393730,BETA,,,1,
20/10/2016, 00390026 3435510F 38393730,BETA,,,1,
20/10/2016, 00390027 3435510C 38393730,BETA,,,1,
20/10/2016, 00390034 3435510F 38393730,BETA,,,1,
20/10/2016, 00390044 3435510F 38393730,BETA,,,1,
20/10/2016, 003A001A 3435510A 38393730,BETA,,,1,
20/10/2016, 003A001B 34355107 38393730,BETA,,,1,
20/10/2016, 003A001B 3435510A 38393730,BETA,,,1,
20/10/2016, 003A001C 3435510E 38393730,BETA,,,1,
20/10/2016, 003A0034 3435510A 38393730,BETA,,,1,
20/10/2016, 003A0034 3435510F 38393730,BETA,,,1,
20/10/2016, 003A003E 34355108 38393730,BETA,,,1,
20/10/2016, 003A0040 34355112 38393730,BETA,,,1,
20/10/2016, 003A0041 34355112 38393730,BETA,,,1,
20/10/2016, 003A0046 3435510B 38393730,BETA,,,1,
20/10/2016, 003B001A 34355107 38393730,BETA,,,1,
20/10/2016, 003B001B 34355107 38393730,BETA,,,1,
20/10/2016, 003B001B 3435510A 38393730,BETA,,,1,
20/10/2016, 003B0020 3435510C 38393730,BETA,,,1,
20/10/2016, 003B0026 3435510A 38393730,BETA,,,1,
20/10/2016, 003B0029 34355111 38393730,BETA,,,1,
20/10/2016, 003B0034 3435510A 38393730,BETA,,,1,
20/10/2016, 003B0035 3435510C 38393730,BETA,,,1,
20/10/2016, 003B003D 3435510C 38393730,BETA,,,1,
20/10/2016, 003C001A 34355107 38393730,BETA,,,1,
20/10/2016, 003C001B 34355107 38393730,BETA,,,1,
20/10/2016, 003C001B 3435510A 38393730,BETA,,,1,
20/10/2016, 003C0029 3435510A 38393730,BETA,,,1,
20/10/2016, 003C003C 3435510E 38393730,BETA,,,1,
20/10/2016, 003D001A 34355107 38393730,BETA,,,1,
20/10/2016, 003D0026 3435510A 38393730,BETA,,,1,
20/10/2016, 003D0047 3435510B 38393730,BETA,,,1,
20/10/2016, 003E001A 34355107 38393730,BETA,,,1,
20/10/2016, 003E001B 34355107 38393730,BETA,,,1,
20/10/2016, 003E001B 3435510A 38393730,BETA,,,1,
20/10/2016, 003E0029 3435510A 38393730,BETA,,,1,
20/10/2016, 003E0034 3435510A 38393730,BETA,,,1,
20/10/2016, 003E0037 34355107 38393730,BETA,,,1,
20/10/2016, 003F0026 3435510F 38393730,BETA,,,1,
20/10/2016, 003F002E 3435510A 38393730,BETA,,,1,
20/10/2016, 003F003D 3435510C 38393730,BETA,,,1,
20/10/2016, 0040001A 34355107 38393730,BETA,,,1,
20/10/2016, 00400025 34355111 38393730,BETA,,,1,
20/10/2016, 00400026 3435510B 38393730,BETA,,,1,
20/10/2016, 0040002E 3435510A 38393730,BETA,,,1,
20/10/2016, 00400035 3435510A 38393730,BETA,,,1,
20/10/2016, 00400038 3435510B 38393730,BETA,,,1,
20/10/2016, 0041001A 34355107 38393730,BETA,,,1,
20/10/2016, 0041001A 3435510A 38393730,BETA,,,1,
20/10/2016, 0041001B 34355107 38393730,BETA,,,1,
20/10/2016, 0041001B 3435510A 38393730,BETA,,,1,
20/10/2016, 0041002D 34355107 38393730,BETA,,,1,
20/10/2016, 0041002E 3435510A 38393730,BETA,,,1,
20/10/2016, 00410046 3435510B 38393730,BETA,,,1,
20/10/2016, 0042001A 3435510A 38393730,BETA,,,1,
20/10/2016, 0042001B 34355107 38393730,BETA,,,1,
20/10/2016, 00420020 3435510E 38393730,BETA,,,1,
20/10/2016, 0042003D 34355108 38393730,BETA,,,1,
20/10/2016, 0042003E 34355108 38393730,BETA,,,1,
20/10/2016, 0043001A 34355107 38393730,BETA,,,1,
20/10/2016, 0043001A 3435510A 38393730,BETA,,,1,
20/10/2016, 0043001B 34355107 38393730,BETA,,,1,
20/10/2016, 00430025 34355111 38393730,BETA,,,1,
20/10/2016, 00430029 34355111 38393730,BETA,,,1,
20/10/2016, 00430030 3435510E 38393730,BETA,,,1,
20/10/2016, 00440029 3435510A 38393730,BETA,,,1,
20/10/2016, 0045001B 34355107 38393730,BETA,,,1,
20/10/2016, 0045001B 34355111 38393730,BETA,,,1,
20/10/2016, 00450026 3435510F 38393730,BETA,,,1,
20/10/2016, 00450036 34355112 38393730,BETA,,,1,
20/10/2016, 0045003D 3435510F 38393730,BETA,,,1,
20/10/2016, 00450043 3435510F 38393730,BETA,,,1,
20/10/2016, 0046001B 3435510A 38393730,BETA,,,1,
20/10/2016, 0046001C 34355112 38393730,BETA,,,1,
20/10/2016, 0046002E 3435510A 38393730,BETA,,,1,
20/10/2016, 00460038 34355112 38393730,BETA,,,1,
20/10/2016, 0046003F 3435510F 38393730,BETA,,,1,
20/10/2016, 00470021 3435510C 38393730,BETA,,,1,
20/10/2016, 00470023 3435510F 38393730,BETA,,,1,
20/10/2016, 0047002E 3435510A 38393730,BETA,,,1,
20/10/2016, 00470038 34355111 38393730,BETA,,,1,
20/10/2016, 0048002E 3435510A 38393730,BETA,,,1,
20/10/2016, 00480038 34355111 38393730,BETA,,,1,
20/10/2016, 00480041 3435510B 38393730,BETA,,,1,
20/10/2016, 0049002E 34355112 38393730,BETA,,,1,
20/10/2016, 0049003E 3435510B 38393730,BETA,,,1,
20/10/2016, 0049003F 3435510C 38393730,BETA,,,1,
20/10/2016, 004A0034 3435510E 38393730,BETA,,,1,
20/10/2016, 004A003F 3435510E 38393730,BETA,,,1,
20/10/2016, 004A0041 3435510B 38393730,BETA,,,1,
20/10/2016, 004B0025 3435510A 38393730,BETA,,,1,
20/10/2016, 004B0026 3435510B 38393730,BETA,,,1,
20/10/2016, 004B0026 3435510F 38393730,BETA,,,1,
20/10/2016, 004B002E 3435510A 38393730,BETA,,,1,
20/10/2016, 004B003E 34355108 38393730,BETA,,,1,
20/10/2016, 004C002E 3435510A 38393730,BETA,,,1,
20/10/2016, 004C0037 34355111 38393730,BETA,,,1,
20/10/2016, 004C003C 34355111 38393730,BETA,,,1,
20/10/2016, 004D0029 3435510A 38393730,BETA,,,1,
20/10/2016, 004D002D 3435510E 38393730,BETA,,,1,
20/10/2016, 004D002E 3435510A 38393730,BETA,,,1,
20/10/2016, 004D0038 34355111 38393730,BETA,,,1,
20/10/2016, 004E0026 3435510B 38393730,BETA,,,1,
20/10/2016, 004E0026 3435510F 38393730,BETA,,,1,
20/10/2016, 004E0026 34355111 38393730,BETA,,,1,
20/10/2016, 004E002E 3435510A 38393730,BETA,,,1,
20/10/2016, 004E003F 3435510F 38393730,BETA,,,1,
20/10/2016, 004F0021 3435510F 38393730,BETA,,,1,
20/10/2016, 004F002E 3435510A 38393730,BETA,,,1,
20/10/2016, 004F0034 3435510F 38393730,BETA,,,1,
20/10/2016, 004F0038 34355111 38393730,BETA,,,1,
20/10/2016, 004F003C 3435510C 38393730,BETA,,,1,
20/10/2016, 00500026 3435510B 38393730,BETA,,,1,
20/10/2016, 00500034 3435510F 38393730,BETA,,,1,
20/10/2016, 00510026 3435510F 38393730,BETA,,,1,
20/10/2016, 0051002E 3435510A 38393730,BETA,,,1,
20/10/2016, 00510039 34355111 38393730,BETA,,,1,
20/10/2016, 0052002B 34355112 38393730,BETA,,,1,
20/10/2016, 0052002E 3435510A 38393730,BETA,,,1,
20/10/2016, 0053002E 3435510A 38393730,BETA,,,1,
20/10/2016, 00530030 3435510F 38393730,BETA,,,1,
20/10/2016, 0055002D 3435510F 38393730,BETA,,,1,
21/10/2016, 001E0038 34355107 38393730,BETA,,,1,
21/10/2016, 001F0027 3435510C 38393730,BETA,,,1,
21/10/2016, 001F0033 34355111 38393730,BETA,,,1,
21/10/2016, 00210034 34355111 38393730,BETA,,,1,
21/10/2016, 00230033 34355111 38393730,BETA,,,1,
21/10/2016, 002F0026 3435510F 38393730,BETA,,,1,
21/10/2016, 0032001A 3435510A 38393730,BETA,,,1,
21/10/2016, 00320026 3435510F 38393730,BETA,,,1,
21/10/2016, 0035001B 34355107 38393730,BETA,,,1,
21/10/2016, 0036001B 34355107 38393730,BETA,,,1,
21/10/2016, 0036002E 3435510A 38393730,BETA,,,1,
21/10/2016, 0038001A 34355107 38393730,BETA,,,1,
21/10/2016, 003A001A 34355107 38393730,BETA,,,1,
21/10/2016, 003F001A 34355107 38393730,BETA,,,1,
21/10/2016, 0043002E 3435510A 38393730,BETA,,,1,
21/10/2016, 0044001B 34355107 38393730,BETA,,,1,
21/10/2016, 004A003D 34355108 38393730,BETA,,,1,
21/10/2016, 004F0026 3435510F 38393730,BETA,,,1,
21/10/2016, 0050002E 3435510A 38393730,BETA,,,1,
25/10/2016, 001E0035 3435510A 38393730,BETA,,,1,
25/10/2016, 00250036 3435510A 38393730,BETA,,,1,
25/10/2016, 00260036 34355107 38393730,BETA,,,1,
25/10/2016, 00260036 3435510A 38393730,BETA,,,1,
25/10/2016, 00290036 34355107 38393730,BETA,,,1,
25/10/2016, 002A0038 34355107 38393730,BETA,,,1,
25/10/2016, 00320020 34355112 38393730,BETA,,,1,
25/10/2016, 00340025 3435510F 38393730,BETA,,,1,
25/10/2016, 00370047 3435510B 38393730,BETA,,,1,
25/10/2016, 003D0019 3435510A 38393730,BETA,,,1,
25/10/2016, 00450037 34355107 38393730,BETA,,,1,
25/10/2016, 0046003F 3435510B 38393730,BETA,,,1,
25/10/2016, 004C0037 34355107 38393730,BETA,,,1,
25/10/2016, 00500037 34355107 38393730,BETA,,,1,
26/10/2016, 0020003C 34355111 38393730,BETA,,,1,
26/10/2016, 00230038 3435510E 38393730,BETA,,,1,
26/10/2016, 0024003A 34355108 38393730,BETA,,,1,
26/10/2016, 0025002B 34355112 38393730,BETA,,,1,
26/10/2016, 00270040 34355108 38393730,BETA,,,1,
26/10/2016, 0028003B 34355111 38393730,BETA,,,1,
26/10/2016, 002A003F 34355108 38393730,BETA,,,1,
26/10/2016, 002A0040 34355108 38393730,BETA,,,1,
26/10/2016, 002D0026 3435510E 38393730,BETA,,,1,
26/10/2016, 002D003A 34355108 38393730,BETA,,,1,
26/10/2016, 0032003F 34355108 38393730,BETA,,,1,
26/10/2016, 0036003E 34355108 38393730,BETA,,,1,
26/10/2016, 00370034 3435510F 38393730,BETA,,,1,
26/10/2016, 0038003F 34355108 38393730,BETA,,,1,
26/10/2016, 003D0037 34355111 38393730,BETA,,,1,
26/10/2016, 003F0034 3435510F 38393730,BETA,,,1,
26/10/2016, 00410037 34355107 38393730,BETA,,,1,
26/10/2016, 0044001C 3435510A 38393730,BETA,,,1,
26/10/2016, 00450039 3435510C 38393730,BETA,,,1,
26/10/2016, 00460034 3435510F 38393730,BETA,,,1,
26/10/2016, 00490031 3435510C 38393730,BETA,,,1,
27/10/2016, 001B0033 3435510B 38393730,BETA,,,1,
27/10/2016, 001C0033 3435510B 38393730,BETA,,,1,
27/10/2016, 001C0035 3435510A 38393730,BETA,,,1,
27/10/2016, 001C0036 3435510A 38393730,BETA,,,1,
27/10/2016, 001D0028 3435510C 38393730,BETA,,,1,
27/10/2016, 001D0035 3435510A 38393730,BETA,,,1,
27/10/2016, 001D0036 34355107 38393730,BETA,,,1,
27/10/2016, 001D0036 3435510A 38393730,BETA,,,1,
27/10/2016, 001D0038 34355107 38393730,BETA,,,1,
27/10/2016, 001E0026 34355111 38393730,BETA,,,1,
27/10/2016, 001E0033 3435510A 38393730,BETA,,,1,
27/10/2016, 001E0033 34355111 38393730,BETA,,,1,
27/10/2016, 001E0036 34355107 38393730,BETA,,,1,
27/10/2016, 001F0026 3435510F 38393730,BETA,,,1,
27/10/2016, 001F0034 3435510C 38393730,BETA,,,1,
27/10/2016, 001F0036 34355107 38393730,BETA,,,1,
27/10/2016, 00210028 3435510C 38393730,BETA,,,1,
27/10/2016, 00210039 34355108 38393730,BETA,,,1,
27/10/2016, 00220027 3435510C 38393730,BETA,,,1,
27/10/2016, 0022002E 3435510A 38393730,BETA,,,1,
27/10/2016, 00220039 3435510F 38393730,BETA,,,1,
27/10/2016, 0022003E 34355107 38393730,BETA,,,1,
27/10/2016, 0023002E 3435510A 38393730,BETA,,,1,
27/10/2016, 00230036 34355107 38393730,BETA,,,1,
27/10/2016, 00230038 34355107 38393730,BETA,,,1,
27/10/2016, 00240027 3435510B 38393730,BETA,,,1,
27/10/2016, 0024002E 3435510A 38393730,BETA,,,1,
27/10/2016, 00240033 34355111 38393730,BETA,,,1,
27/10/2016, 00240034 3435510A 38393730,BETA,,,1,
27/10/2016, 00240035 34355111 38393730,BETA,,,1,
27/10/2016, 00240036 3435510A 38393730,BETA,,,1,
27/10/2016, 0025003E 34355107 38393730,BETA,,,1,
27/10/2016, 00260026 3435510A 38393730,BETA,,,1,
27/10/2016, 00260035 3435510A 38393730,BETA,,,1,
27/10/2016, 00260038 34355107 38393730,BETA,,,1,
27/10/2016, 00280027 3435510B 38393730,BETA,,,1,
27/10/2016, 0028002C 34355111 38393730,BETA,,,1,
27/10/2016, 0028002E 3435510A 38393730,BETA,,,1,
27/10/2016, 00280038 34355107 38393730,BETA,,,1,
27/10/2016, 00290028 3435510C 38393730,BETA,,,1,
27/10/2016, 00290034 3435510A 38393730,BETA,,,1,
27/10/2016, 00290036 3435510A 38393730,BETA,,,1,
27/10/2016, 00290039 3435510F 38393730,BETA,,,1,
27/10/2016, 0029003C 34355108 38393730,BETA,,,1,
27/10/2016, 002A0027 3435510F 38393730,BETA,,,1,
27/10/2016, 002A0034 3435510A 38393730,BETA,,,1,
27/10/2016, 002B001C 3435510E 38393730,BETA,,,1,
27/10/2016, 002B0020 3435510E 38393730,BETA,,,1,
27/10/2016, 002B0029 3435510F 38393730,BETA,,,1,
27/10/2016, 002B003E 34355107 38393730,BETA,,,1,
27/10/2016, 002B0040 34355108 38393730,BETA,,,1,
27/10/2016, 002C001B 3435510E 38393730,BETA,,,1,
27/10/2016, 002C0035 3435510A 38393730,BETA,,,1,
27/10/2016, 002C0036 34355107 38393730,BETA,,,1,
27/10/2016, 002C0039 3435510F 38393730,BETA,,,1,
27/10/2016, 002C003A 34355108 38393730,BETA,,,1,
27/10/2016, 002D002B 34355111 38393730,BETA,,,1,
27/10/2016, 002D0035 3435510A 38393730,BETA,,,1,
27/10/2016, 002D0038 34355107 38393730,BETA,,,1,
27/10/2016, 002D0040 3435510B 38393730,BETA,,,1,
27/10/2016, 002F0020 3435510F 38393730,BETA,,,1,
27/10/2016, 002F0025 34355111 38393730,BETA,,,1,
27/10/2016, 002F0032 34355109 38393730,BETA,,,1,
27/10/2016, 002F0033 3435510B 38393730,BETA,,,1,
27/10/2016, 002F0034 3435510A 38393730,BETA,,,1,
27/10/2016, 002F003E 34355112 38393730,BETA,,,1,
27/10/2016, 00300027 3435510B 38393730,BETA,,,1,
27/10/2016, 00300035 3435510A 38393730,BETA,,,1,
27/10/2016, 00300036 34355107 38393730,BETA,,,1,
27/10/2016, 00300039 3435510F 38393730,BETA,,,1,
27/10/2016, 0030003C 34355108 38393730,BETA,,,1,
27/10/2016, 00300040 3435510B 38393730,BETA,,,1,
27/10/2016, 00310019 3435510A 38393730,BETA,,,1,
27/10/2016, 0032001C 3435510A 38393730,BETA,,,1,
27/10/2016, 00320022 34355111 38393730,BETA,,,1,
27/10/2016, 00320038 34355107 38393730,BETA,,,1,
27/10/2016, 0034001B 3435510A 38393730,BETA,,,1,
27/10/2016, 0034001C 3435510A 38393730,BETA,,,1,
27/10/2016, 00340026 3435510A 38393730,BETA,,,1,
27/10/2016, 00340027 3435510B 38393730,BETA,,,1,
27/10/2016, 0034003C 34355108 38393730,BETA,,,1,
27/10/2016, 0034003D 34355108 38393730,BETA,,,1,
27/10/2016, 00350025 3435510B 38393730,BETA,,,1,
27/10/2016, 00350025 34355111 38393730,BETA,,,1,
27/10/2016, 00370026 3435510A 38393730,BETA,,,1,
27/10/2016, 00370035 3435510A 38393730,BETA,,,1,
27/10/2016, 0037003D 34355108 38393730,BETA,,,1,
27/10/2016, 0038001C 34355112 38393730,BETA,,,1,
27/10/2016, 00380025 34355111 38393730,BETA,,,1,
27/10/2016, 00380026 3435510A 38393730,BETA,,,1,
27/10/2016, 00380032 34355109 38393730,BETA,,,1,
27/10/2016, 00380038 3435510B 38393730,BETA,,,1,
27/10/2016, 0038003E 34355108 38393730,BETA,,,1,
27/10/2016, 00390018 3435510A 38393730,BETA,,,1,
27/10/2016, 0039001C 3435510E 38393730,BETA,,,1,
27/10/2016, 00390034 3435510A 38393730,BETA,,,1,
27/10/2016, 003B0018 3435510A 38393730,BETA,,,1,
27/10/2016, 003B001C 3435510A 38393730,BETA,,,1,
27/10/2016, 003B0027 3435510C 38393730,BETA,,,1,
27/10/2016, 003B0029 3435510A 38393730,BETA,,,1,
27/10/2016, 003C001A 3435510B 38393730,BETA,,,1,
27/10/2016, 003C0026 3435510B 38393730,BETA,,,1,
27/10/2016, 003C0027 3435510C 38393730,BETA,,,1,
27/10/2016, 003C0034 3435510A 38393730,BETA,,,1,
27/10/2016, 003C0046 3435510B 38393730,BETA,,,1,
27/10/2016, 003D001B 3435510A 38393730,BETA,,,1,
27/10/2016, 003D0027 3435510C 38393730,BETA,,,1,
27/10/2016, 003D0029 3435510A 38393730,BETA,,,1,
27/10/2016, 003D002E 3435510A 38393730,BETA,,,1,
27/10/2016, 003D003A 34355112 38393730,BETA,,,1,
27/10/2016, 003D003D 34355108 38393730,BETA,,,1,
27/10/2016, 003D0046 3435510B 38393730,BETA,,,1,
27/10/2016, 003E0027 3435510C 38393730,BETA,,,1,
27/10/2016, 003E003E 34355108 38393730,BETA,,,1,
27/10/2016, 003F001C 3435510F 38393730,BETA,,,1,
27/10/2016, 003F0034 3435510A 38393730,BETA,,,1,
27/10/2016, 003F0039 34355111 38393730,BETA,,,1,
27/10/2016, 00400019 3435510A 38393730,BETA,,,1,
27/10/2016, 00400034 3435510F 38393730,BETA,,,1,
27/10/2016, 0040003C 3435510C 38393730,BETA,,,1,
27/10/2016, 0040003D 34355108 38393730,BETA,,,1,
27/10/2016, 00410023 3435510F 38393730,BETA,,,1,
27/10/2016, 00410026 3435510B 38393730,BETA,,,1,
27/10/2016, 00410035 3435510A 38393730,BETA,,,1,
27/10/2016, 00420034 3435510A 38393730,BETA,,,1,
27/10/2016, 00420039 3435510F 38393730,BETA,,,1,
27/10/2016, 0042003B 34355108 38393730,BETA,,,1,
27/10/2016, 0043003D 34355108 38393730,BETA,,,1,
27/10/2016, 0043003E 34355108 38393730,BETA,,,1,
27/10/2016, 0044001B 3435510F 38393730,BETA,,,1,
27/10/2016, 0044003E 3435510B 38393730,BETA,,,1,
27/10/2016, 0045001C 3435510A 38393730,BETA,,,1,
27/10/2016, 0046003E 34355108 38393730,BETA,,,1,
27/10/2016, 00470039 34355107 38393730,BETA,,,1,
27/10/2016, 00480032 34355111 38393730,BETA,,,1,
27/10/2016, 00480034 3435510F 38393730,BETA,,,1,
27/10/2016, 00480039 34355107 38393730,BETA,,,1,
27/10/2016, 0048003D 34355108 38393730,BETA,,,1,
27/10/2016, 004A003F 34355107 38393730,BETA,,,1,
27/10/2016, 004B0020 3435510E 38393730,BETA,,,1,
27/10/2016, 004B0034 3435510F 38393730,BETA,,,1,
27/10/2016, 004B0037 34355107 38393730,BETA,,,1,
27/10/2016, 004C0029 3435510A 38393730,BETA,,,1,
27/10/2016, 004C003D 34355108 38393730,BETA,,,1,
27/10/2016, 004D0035 3435510A 38393730,BETA,,,1,
27/10/2016, 004D003E 3435510B 38393730,BETA,,,1,
27/10/2016, 004E0035 3435510A 38393730,BETA,,,1,
27/10/2016, 004E0037 34355107 38393730,BETA,,,1,
27/10/2016, 00500035 3435510A 38393730,BETA,,,1,
27/10/2016, 00500038 34355107 38393730,BETA,,,1,
27/10/2016, 00510026 3435510B 38393730,BETA,,,1,
27/10/2016, 00510035 3435510A 38393730,BETA,,,1,
27/10/2016, 00520034 3435510A 38393730,BETA,,,1,
27/10/2016, 00520035 3435510A 38393730,BETA,,,1,
27/10/2016, 0053002B 3435510F 38393730,BETA,,,1,
27/10/2016, 00540034 3435510A 38393730,BETA,,,1,
28/10/2016, 001E002C 34355111 38393730,BETA,,,1,
28/10/2016, 001F0028 3435510C 38393730,BETA,,,1,
28/10/2016, 001F002B 34355111 38393730,BETA,,,1,
28/10/2016, 001F002C 34355111 38393730,BETA,,,1,
28/10/2016, 0021002B 34355111 38393730,BETA,,,1,
28/10/2016, 0024002C 34355111 38393730,BETA,,,1,
28/10/2016, 0025002C 34355111 38393730,BETA,,,1,
28/10/2016, 0026002C 34355111 38393730,BETA,,,1,
28/10/2016, 00260040 34355108 38393730,BETA,,,1,
28/10/2016, 00270033 34355111 38393730,BETA,,,1,
28/10/2016, 002B0027 3435510C 38393730,BETA,,,1,
28/10/2016, 002C0040 3435510B 38393730,BETA,,,1,
28/10/2016, 002F0033 34355111 38393730,BETA,,,1,
28/10/2016, 0033003E 34355108 38393730,BETA,,,1,
28/10/2016, 00360026 3435510A 38393730,BETA,,,1,
28/10/2016, 003A0039 3435510F 38393730,BETA,,,1,
28/10/2016, 003F0046 3435510B 38393730,BETA,,,1,
28/10/2016, 0041003E 34355108 38393730,BETA,,,1,
28/10/2016, 0042001E 34355111 38393730,BETA,,,1,
28/10/2016, 0045003E 3435510B 38393730,BETA,,,1,
28/10/2016, 00470029 34355109 38393730,BETA,,,1,
28/10/2016, 004E0038 34355111 38393730,BETA,,,1,
28/10/2016, 004F0029 3435510A 38393730,BETA,,,1,
29/10/2016, 0023003F 3435510B 38393730,BETA,,,1,
29/10/2016, 0026003C 34355108 38393730,BETA,,,1,
29/10/2016, 002A001C 34355107 38393730,BETA,,,1,
29/10/2016, 00310039 3435510F 38393730,BETA,,,1,
29/10/2016, 00360020 34355112 38393730,BETA,,,1,
4/11/2016, 00240028 3435510C 38393730,BETA,,,1,
4/11/2016, 002B0040 3435510B 38393730,BETA,,,1,
4/11/2016, 0039001E 34355111 38393730,BETA,,,1,
4/11/2016, 003B0026 3435510F 38393730,BETA,,,1,
4/11/2016, 004F0034 3435510A 38393730,BETA,,,1,
4/11/2016, 00500039 34355111 38393730,BETA,,,1,
4/11/2016, 0054002D 3435510C 38393730,BETA,,,1,
11/11/2016, 00210033 34355111 38393730,BETA,,,1,
11/11/2016, 002C001B 34355107 38393730,BETA,,,1,
17/11/2016, 001D0037 34355107 38393730,BETA,,,1,
17/11/2016, 002E0025 34355111 38393730,BETA,,,1,
17/11/2016, 002E0026 3435510F 38393730,BETA,,,1,
17/11/2016, 0042002E 3435510A 38393730,BETA,,,1,
17/11/2016, 004E002D 3435510B 38393730,BETA,,,1,
6/12/2016, 001F0034 34355111 38393730,BETA,,,1,
6/12/2016, 00530027 3435510F 38393730,BETA,,,1,
7/12/2016, 004A003C 33355108 34383732,BETA,,,1,
17/12/2016, 00490023 3135510D 35333436,BETA,,,1,
07/02/2017, 002B0031 32334711 31363032,TEST,,,1,